{"rows": [
    {"key.name": "None", "data": "{\"introduction\": \"\", \"items\": [{\"question\": 5697982787747840, \"weight\": \"1\"}, {\"question\": 5165166324875264, \"weight\": \"1\"}, {\"question\": 5098508432441344, \"weight\": \"1\"}, {\"question\": 5764640680181760, \"weight\": \"1\"}, {\"question\": 6206390951477248, \"weight\": \"1\"}], \"version\": \"1.5\", \"description\": \"What is abstraction\"}", "key.id": 5135032834326528, "key": "aglzfnJhbTg2NDdyIAsSE1F1ZXN0aW9uR3JvdXBFbnRpdHkYgICAgJDJjwkMogEMbnNfbW9iaWxlQ1NQ"},
    {"key.name": "None", "data": "{\"introduction\": \"Note that even though the peer review has point values assigned to it, the CourseBuilder system will not record those values under the Progress page. However, each student will be able to see the item selected under each review criteria.\", \"items\": [{\"question\": 5718998062727168, \"weight\": \"3\"}, {\"question\": 5673385510043648, \"weight\": \"3\"}, {\"question\": 5738600293466112, \"weight\": \"3\"}, {\"question\": 4654021059018752, \"weight\": \"3\"}, {\"question\": 4735651408773120, \"weight\": \"3\"}, {\"question\": 5528639810568192, \"weight\": \"3\"}, {\"question\": 5232016014442496, \"weight\": \"3\"}, {\"question\": 6406114849587200, \"weight\": \"3\"}, {\"question\": 6423324246671360, \"weight\": \"3\"}, {\"question\": 4998739966033920, \"weight\": \"3\"}, {\"question\": 5592645023825920, \"weight\": \"3\"}, {\"question\": 6022158195097600, \"weight\": \"3\"}, {\"question\": 5653164804014080, \"weight\": \"0\"}], \"version\": \"1.5\", \"description\": \"Creative Project 1 Review Questions\"}", "key.id": 5689792285114368, "key": "aglzfnJhbTg2NDdyIAsSE1F1ZXN0aW9uR3JvdXBFbnRpdHkYgICAgODajQoMogEMbnNfbW9iaWxlQ1NQ"},
    {"key.name": "None", "data": "{\"introduction\": \"\", \"items\": [{\"question\": 5754903989321728, \"weight\": \"1\"}, {\"question\": 5643440998055936, \"weight\": \"1\"}, {\"question\": 5709068098338816, \"weight\": \"1\"}, {\"question\": 5191954035900416, \"weight\": \"1\"}, {\"question\": 5747976207073280, \"weight\": \"1\"}, {\"question\": 5080491044634624, \"weight\": \"1\"}, {\"question\": 5681717746597888, \"weight\": \"1\"}, {\"question\": 5661458385862656, \"weight\": \"1\"}], \"version\": \"1.5\", \"description\": \"What is a computer\"}", "key.id": 5728116278296576, "key": "aglzfnJhbTg2NDdyIAsSE1F1ZXN0aW9uR3JvdXBFbnRpdHkYgICAgJC2lgoMogEMbnNfbW9iaWxlQ1NQ"},
    {"key.name": "None", "data": "{\"introduction\": \"\", \"items\": [{\"question\": 5629499534213120, \"weight\": \"1\"}, {\"question\": 5629499534213120, \"weight\": \"1\"}, {\"question\": 5629499534213120, \"weight\": \"1\"}], \"version\": \"1.5\", \"description\": \"Paint Pot Tutorial\"}", "key.id": 5741031244955648, "key": "aglzfnJhbTg2NDdyIAsSE1F1ZXN0aW9uR3JvdXBFbnRpdHkYgICAgICumQoMogEMbnNfbW9iaWxlQ1NQ"}
]}
