{"rows": [
    {"key.name": "None", "data": "{\"users\": [\"plakealm@gmail.com\"], \"description\": \"Teacher\", \"version\": \"1.5\", \"permissions\": {\"Course\": [\"can_pick_all_locales\", \"can_see_draft_content\"], \"Course Dashboard\": [\"can_access_roles\", \"can_access_settings\", \"can_access_skill_map\", \"can_access_peer_review\", \"push_data\", \"can_access_analytics\", \"can_access_assets\", \"access_i18n_dashboard\", \"can_access_search\", \"can_access_teacher_dashboard\"]}, \"name\": \"Pauline Lake\"}", "key.id": 5691013645467648, "key": "aglzfnJhbTg2NDdyFwsSClJvbGVFbnRpdHkYgICA9qX-jQoMogESbnNfdGVhY2hfbW9iaWxlQ1NQ"}
]}
